productId,name,cleanName,imageUrl,categoryId,groupId,url,modifiedOn,imageCount,extCardText,lowPrice,midPrice,highPrice,marketPrice,directLowPrice,subTypeName,extUPC
666906,Mega Evolution: Ascended Heroes Collection - Erika,Mega Evolution Ascended Heroes Collection Erika,https://tcgplayer-cdn.tcgplayer.com/product/666906_200w.jpg,3,24541,https://cpt.tcgcsv.com/8Nl7,2025-12-04T20:25:11.413,0,"Discover a Trainer’s Pokémon at the Gym!
<br>The Celadon City Gym, led by Gym Leader Erika, is filled with beautiful greenery and Grass-type Pokémon galore.
<br>In this collection, you’ll find a promo card featuring Erika’s Tangela, a metallic coin featuring Erika, and two booster packs from the special Mega Evolution—Ascended Heroes expansion.
<br>
<br>The Pokémon TCG: Mega Evolution—Ascended Heroes Collection—Erika includes:
<br>
<br>• 1 foil promo card featuring Erika’s Tangela
<br>• 1 Pokémon coin featuring Erika
<br>• 2 Pokémon TCG: Mega Evolution—Ascended Heroes booster packs",48.56,49.07,51.79,51.7,,Normal,
666907,Mega Evolution: Ascended Heroes Collection - Larry,Mega Evolution Ascended Heroes Collection Larry,https://tcgplayer-cdn.tcgplayer.com/product/666907_200w.jpg,3,24541,https://cpt.tcgcsv.com/9Nl7,2025-12-05T20:35:51.407,1,"Discover a Trainer’s Pokémon at the Gym!

<br>Visitors to Medali in the Paldea region have the chance to battle Gym Leader Larry and his Normal-type Pokémon.

<br>In this collection, you’ll find a promo card featuring Larry’s Komala, a metallic coin featuring Larry, and two booster packs from the special Mega Evolution—Ascended Heroes expansion.
<br><br>The Pokémon TCG: Mega Evolution—Ascended Heroes Collection—Larry includes:
<br>
<br>• 1 foil promo card featuring Larry’s Komala
<br>• 1 Pokémon coin featuring Larry
<br>• 2 Pokémon TCG: Mega Evolution—Ascended Heroes booster packs",46.57,47.21,50.24,50.23,,Normal,
666908,Mega Evolution: Ascended Heroes Tech Sticker Collection - Charmander,Mega Evolution Ascended Heroes Tech Sticker Collection Charmander,https://tcgplayer-cdn.tcgplayer.com/product/666908_200w.jpg,3,24541,https://cpt.tcgcsv.com/bNl7,2025-12-04T20:30:45.907,3,"Mega Evolve Your Sticker Game!
<br>
<br>Pokémon from the Kanto region are ascending to greatness—as both promo cards and tech stickers! In this collection, you’ll find Charmander as a foil promo card, plus a sheet of tech stickers featuring Charmander and Mega Charizard Y. Top it all off with even more Pokémon inside three booster packs from the special Mega Evolution—Ascended Heroes expansion!
<br>
<br>The Pokémon TCG: Mega Evolution—Ascended Heroes Tech Sticker Collection—Charmander includes:
<br>
<br>• 1 foil promo card featuring Charmander
<br>• 1 tech sticker sheet (featuring Charmander and Mega Charizard Y)
<br>• 3 Pokémon TCG: Mega Evolution—Ascended Heroes booster packs",37.63,38.06,200.0,38.24,,Normal,
666909,Mega Evolution: Ascended Heroes Tech Sticker Collection - Gastly,Mega Evolution Ascended Heroes Tech Sticker Collection Gastly,https://tcgplayer-cdn.tcgplayer.com/product/666909_200w.jpg,3,24541,https://cpt.tcgcsv.com/cNl7,2025-12-04T20:32:18.19,3,"Mega Evolve Your Sticker Game!
<br>
<br>Pokémon from the Kanto region are ascending to greatness—as both promo cards and tech stickers! In this collection, you’ll find Gastly as a foil promo card, plus a sheet of tech stickers featuring Gastly and Mega Gengar. Top it all off with even more Pokémon inside three booster packs from the special Mega Evolution—Ascended Heroes expansion!
<br>
<br>The Pokémon TCG: Mega Evolution—Ascended Heroes Tech Sticker Collection—Gastly includes:
<br>
<br>• 1 foil promo card featuring Gastly
<br>• 1 tech sticker sheet (featuring Gastly and Mega Gengar)
<br>• 3 Pokémon TCG: Mega Evolution—Ascended Heroes booster packs",37.54,38.23,200.0,39.15,,Normal,
668496,Ascended Heroes Elite Trainer Box,Ascended Heroes Elite Trainer Box,https://tcgplayer-cdn.tcgplayer.com/product/668496_200w.jpg,3,24541,https://cpt.tcgcsv.com/Xpm7,2025-12-29T13:39:42.963,1,"Rise to a New Challenge!<br>

Marvel at the awesome potential as Mega Dragonite ex takes flight, leading a gathering of all-star Pokémon to battle! Trainer’s Pokémon and Stellar Tera Pokémon ex join returning and newly discovered Mega Evolution Pokémon ex, including some with special artwork showing off their biggest and boldest attacks. Celebrate the stars of Scarlet & Violet and the dawn of Mega Evolution with the Pokémon TCG: Mega Evolution—Ascended Heroes expansion!<br><br>

The Pokémon TCG: Ascended Heroes Elite Trainer Box includes:<br>
• 9 Pokémon TCG: Ascended Heroes booster packs<br>
• 1 full-art foil promo card featuring N’s Zekrom<br>
• 65 card sleeves<br>
• 40 Pokémon TCG Energy cards<br>
• A player’s guide to the Ascended Heroes expansion<br>
• 6 damage-counter dice<br>
• 1 competition-legal coin-flip die<br>
• 1 plastic coin<br>
• A collector’s box to hold everything, with 6 dividers to keep it organized<br>
• A code card for Pokémon Trading Card Game Liv<br>",122.97,130.49,180.0,127.21,,Normal,0196214114845
668497,Ascended Heroes Pokemon Center Elite Trainer Box (Exclusive),Ascended Heroes Pokemon Center Elite Trainer Box Exclusive,https://tcgplayer-cdn.tcgplayer.com/product/668497_200w.jpg,3,24541,https://cpt.tcgcsv.com/Zpm7,2025-12-10T14:52:05.033,1,"Rise to a New Challenge!<br>

Marvel at the awesome potential as Mega Dragonite ex takes flight, leading a gathering of all-star Pokémon to battle! Trainer’s Pokémon and Stellar Tera Pokémon ex join returning and newly discovered Mega Evolution Pokémon ex, including some with special artwork showing off their biggest and boldest attacks. Celebrate the stars of Scarlet & Violet and the dawn of Mega Evolution with the Pokémon TCG: Mega Evolution—Ascended Heroes expansion!<br><br>

The Pokémon TCG: Ascended Heroes Elite Trainer Box includes:<br>
• 9 Pokémon TCG: Ascended Heroes booster packs<br>
• 1 full-art foil promo card featuring N’s Zekrom<br>
• 65 card sleeves<br>
• 40 Pokémon TCG Energy cards<br>
• A player’s guide to the Ascended Heroes expansion<br>
• 6 damage-counter dice<br>
• 1 competition-legal coin-flip die<br>
• 1 plastic coin<br>
• A collector’s box to hold everything, with 6 dividers to keep it organized<br>
• A code card for Pokémon Trading Card Game Liv<br>",385.18,385.2,499.0,386.12,,Normal,
668530,Ascended Heroes Mini Tins 5-Pack,Ascended Heroes Mini Tins 5 Pack,https://tcgplayer-cdn.tcgplayer.com/product/668530_200w.jpg,3,24541,https://cpt.tcgcsv.com/Dqm7,2025-12-10T18:17:39.833,0,"Each product contains 5 Ascended Heroes Mini Tins designs and 4 reverse cosmos holo promo cards.
<br>
<br><strong>Ascended Heroes Mini Tin contents:</strong>
<br>• 2 Pokemon TCG booster packs
<br>• 1 Pokemon coin
<br>• 1 Pokemon art card
<br>
<br><em>(Pokemon TCG booster packs, coins, and contents vary by product.)</em>",194.85,199.95,970.0,298.22,,Normal,
668531,Ascended Heroes Mini Tin [Pikachu & Tepig],Ascended Heroes Mini Tin Pikachu and Tepig,https://tcgplayer-cdn.tcgplayer.com/product/668531_200w.jpg,3,24541,https://cpt.tcgcsv.com/Fqm7,2025-12-10T18:19:34.123,1,"Each mini tin comes with two booster packs, a metallic Pokemon coin, and “a Pokemon art card showing the art from this Mini Tin — you can collect and combine all ten!”",39.01,43.1,194.0,45.75,,Normal,
668532,Ascended Heroes Mini Tin [Riolu & Darumaka],Ascended Heroes Mini Tin Riolu and Darumaka,https://tcgplayer-cdn.tcgplayer.com/product/668532_200w.jpg,3,24541,https://cpt.tcgcsv.com/Gqm7,2025-12-10T18:20:00.107,1,"Each mini tin comes with two booster packs, a metallic Pokemon coin, and “a Pokemon art card showing the art from this Mini Tin — you can collect and combine all ten!”",39.11,43.2,194.0,46.62,,Normal,
668533,Ascended Heroes Mini Tin [Zorua & Chramorant],Ascended Heroes Mini Tin Zorua and Chramorant,https://tcgplayer-cdn.tcgplayer.com/product/668533_200w.jpg,3,24541,https://cpt.tcgcsv.com/Hqm7,2025-12-10T18:20:33.817,1,"Each mini tin comes with two booster packs, a metallic Pokemon coin, and “a Pokemon art card showing the art from this Mini Tin — you can collect and combine all ten!”",39.13,43.2,194.0,43.54,,Normal,
668534,Ascended Heroes Mini Tin [Togepi & Totodile],Ascended Heroes Mini Tin Togepi and Totodile,https://tcgplayer-cdn.tcgplayer.com/product/668534_200w.jpg,3,24541,https://cpt.tcgcsv.com/Jqm7,2025-12-10T18:21:42.693,1,"Each mini tin comes with two booster packs, a metallic Pokemon coin, and “a Pokemon art card showing the art from this Mini Tin — you can collect and combine all ten!”",39.33,43.4,194.0,46.59,,Normal,
668535,Ascended Heroes Mini Tin [Clefairy & Chikorita],Ascended Heroes Mini Tin Clefairy and Chikorita,https://tcgplayer-cdn.tcgplayer.com/product/668535_200w.jpg,3,24541,https://cpt.tcgcsv.com/Kqm7,2025-12-31T16:52:36.08,1,"Each mini tin comes with two booster packs, a metallic Pokemon coin, and “a Pokemon art card showing the art from this Mini Tin — you can collect and combine all ten!”",43.22,43.4,194.0,23.44,,Normal,
668536,Premium Poster Collection: Mega Lucario,Premium Poster Collection Mega Lucario,https://tcgplayer-cdn.tcgplayer.com/product/668536_200w.jpg,3,24541,https://cpt.tcgcsv.com/Lqm7,2025-12-10T18:24:56.56,1,"Decorate Your Space with Mega Lucario ex or Mega Gardevoir ex!
<br>With strong attacks and big HP, Mega Lucario ex and Mega Gardevoir ex break through boundaries in battle! Team up with one of these powerful Mega Evolution Pokémon ex as a full-art foil promo card, then find even more Pokémon inside a stack of 10 booster packs from Mega Evolution—Ascended Heroes. You’ll also get a large poster showing off Mega Lucario or Mega Gardevoir and other Pokémon featured in this special expansion.

<br><br>Each Pokémon TCG: Mega Evolution—Ascended Heroes Premium Poster Collection—Mega Lucario or Mega Gardevoir includes:
<br>• 1 foil promo card featuring Mega Lucario ex or Mega Gardevoir ex
<br>• 1 double-sided poster, 26.875"" × 39""
<br>• 10 Pokémon TCG: Mega Evolution—Ascended Heroes booster packs
<br>• A code card for Pokémon TCG Live",85.87,85.89,139.95,85.89,,Normal,
668537,Premium Poster Collection: Mega Gardevoir,Premium Poster Collection Mega Gardevoir,https://tcgplayer-cdn.tcgplayer.com/product/668537_200w.jpg,3,24541,https://cpt.tcgcsv.com/Mqm7,2025-12-10T18:25:20.663,1,"Decorate Your Space with Mega Lucario ex or Mega Gardevoir ex!
<br>With strong attacks and big HP, Mega Lucario ex and Mega Gardevoir ex break through boundaries in battle! Team up with one of these powerful Mega Evolution Pokémon ex as a full-art foil promo card, then find even more Pokémon inside a stack of 10 booster packs from Mega Evolution—Ascended Heroes. You’ll also get a large poster showing off Mega Lucario or Mega Gardevoir and other Pokémon featured in this special expansion.

<br><br>Each Pokémon TCG: Mega Evolution—Ascended Heroes Premium Poster Collection—Mega Lucario or Mega Gardevoir includes:
<br>• 1 foil promo card featuring Mega Lucario ex or Mega Gardevoir ex
<br>• 1 double-sided poster, 26.875"" × 39""
<br>• 10 Pokémon TCG: Mega Evolution—Ascended Heroes booster packs
<br>• A code card for Pokémon TCG Live",85.58,85.6,139.95,85.61,,Normal,
668541,Ascended Heroes Booster Bundle,Ascended Heroes Booster Bundle,https://tcgplayer-cdn.tcgplayer.com/product/668541_200w.jpg,3,24541,https://cpt.tcgcsv.com/Rqm7,2025-12-10T18:27:01.607,1,"Rise to a New Challenge!
<br>
Marvel at the awesome potential as Mega Dragonite ex takes flight, leading a gathering of all-star Pokémon to battle! Trainer’s Pokémon and Stellar Tera Pokémon ex join returning and newly discovered Mega Evolution Pokémon ex, including some with special artwork showing off their biggest and boldest attacks. Celebrate the stars of Scarlet & Violet and the dawn of Mega Evolution with the Pokémon TCG: Mega Evolution—Ascended Heroes expansion!
<br><br> Expand your collection with this Booster Bundle containing six booster packs from Pokémon TCG: Mega Evolution—Ascended Heroes!",82.44,86.77,305.0,86.64,,Normal,
