productId,name,cleanName,imageUrl,categoryId,groupId,url,modifiedOn,imageCount,extNumber,extRarity,extCardType,extHP,extStage,extCardText,extAttack1,extWeakness,extRetreatCost,lowPrice,midPrice,highPrice,marketPrice,directLowPrice,subTypeName,extAttack2,extResistance
654594,Meganium - 001,Meganium 001,https://tcgplayer-cdn.tcgplayer.com/product/654594_200w.jpg,3,24451,https://cpt.tcgcsv.com/VRf7,2025-10-13T16:18:39.763,1,001,Promo,Grass,160,Stage 2,<strong>Ability: Wild Growth</strong> Each Basic Grass Energy attached to all of your Pokmon provides GrassGrass Energy. The effect of Wild Growth doesn't stack.,[GGCC] Solar Beam (140),Rx2,2,23.0,31.12,40.84,25.6,,Normal,,
654596,Inteleon - 002,Inteleon 002,https://tcgplayer-cdn.tcgplayer.com/product/654596_200w.jpg,3,24451,https://cpt.tcgcsv.com/XRf7,2025-09-26T04:11:11.67,1,002,Promo,Water,150,Stage 2,,"[W] Bring Down<br> Choose a Pokemon in play <em>(yours or your opponent's)</em> that has the least HP remaining, except for this Pokemon, and it is Knocked Out.",Lx2,1,10.0,13.01,29.99,11.34,,Normal,[W] Water Shot (110)<br> Discard an Energy from this Pokemon.,
654597,Alakazam - 003,Alakazam 003,https://tcgplayer-cdn.tcgplayer.com/product/654597_200w.jpg,3,24451,https://cpt.tcgcsv.com/ZRf7,2025-09-26T04:11:11.67,1,003,Promo,Psychic,140,Stage 2,"<strong>Ability: Psychic Draw</strong> Once during your turn, when you play this Pokmon from your hand to evolve 1 of your Pokmon, you may use this Ability. Draw 3 cards.",[P] Powerful Hand<br> Place 2 damage counters on your opponent's Active Pokemon for each card in your hand.,Dx2,1,20.24,24.99,40.43,21.13,,Normal,,F-30
654598,Lunatone - 004,Lunatone 004,https://tcgplayer-cdn.tcgplayer.com/product/654598_200w.jpg,3,24451,https://cpt.tcgcsv.com/-Rf7,2025-09-26T04:11:11.67,1,004,Promo,Fighting,110,Basic,"<strong>Ability: Lunar Cycle</strong> Once during your turn, if you have Solrock in play, you may discard a Basic Fighting Energy card from your hand in order to use this Ability. Draw 3 cards. You can't use more than 1 Lunar Cycle Ability each turn.",[FF] Power Gem (50),Gx2,1,22.4,24.95,34.0,22.7,,Normal,,
656255,Drifloon - 005,Drifloon 005,https://tcgplayer-cdn.tcgplayer.com/product/656255_200w.jpg,3,24451,https://cpt.tcgcsv.com/7wg7,2025-09-28T17:32:35.487,1,005,Promo,Psychic,70,Basic,,"[P] Pull
<br>Flip a coin. If heads, switch in 1 of your opponent's Benched Pokemon to the Active Spot.",Dx2,1,0.53,1.43,6.85,1.15,,Holofoil,,F-30
656256,Drifblim - 006,Drifblim 006,https://tcgplayer-cdn.tcgplayer.com/product/656256_200w.jpg,3,24451,https://cpt.tcgcsv.com/8wg7,2025-09-28T17:34:11.193,1,006,Promo,Psychic,110,Stage 1,,"[P] Creepy Wind
<br>Your opponent's Active Pokemon is now Confused.",Dx2,1,0.35,1.1,7.0,1.07,,Holofoil,"[PP] Balloon Return (110)
<br>Put this Pokemon and all attached cards into your hand.",F-30
656257,Psyduck - 007,Psyduck 007,https://tcgplayer-cdn.tcgplayer.com/product/656257_200w.jpg,3,24451,https://cpt.tcgcsv.com/9wg7,2025-09-28T17:35:54.62,1,007,Promo,Water,70,Basic,"<strong>Ability — Damp</strong>
<br>Pokemon in play (Both yours and your opponent's) lose any Ability that requires the Pokemon using it to Knock Out itself.",[2] Ram (20),Lx2,1,7.75,9.64,25.0,9.07,,Holofoil,,
656258,Golduck - 008,Golduck 008,https://tcgplayer-cdn.tcgplayer.com/product/656258_200w.jpg,3,24451,https://cpt.tcgcsv.com/bwg7,2025-09-28T17:37:21.25,1,008,Promo,Water,120,Stage 1,"<strong>Ability — Damp</strong>
<br>Pokemon in play (Both yours and your opponent's) lose any Ability that requires the Pokemon using it to Knock Out itself.","[3] Hydro Pump (60+)
<br>This attack does 20 more damage for each W Energy attached to this Pokemon.",Lx2,1,0.39,1.19,8.0,1.12,,Holofoil,,
656259,Alakazam - 009,Alakazam 009,https://tcgplayer-cdn.tcgplayer.com/product/656259_200w.jpg,3,24451,https://cpt.tcgcsv.com/cwg7,2025-09-28T17:39:27.877,1,009,Promo,Psychic,140,Stage 2,"<strong>Ability — Psychic Draw</strong>
<br>Once during your turn, when you play this Pokemon from your hand to evolve 1 of your Pokemon, you may use this Ability. Draw 3 cards.","[P] Powerful Hand
<br>Place 2 damage counters on your opponent's Active Pokemon for each card in your hand.",Dx2,1,4.98,7.5,60.0,6.23,,Holofoil,,F-30
656260,Riolu - 010,Riolu 010,https://tcgplayer-cdn.tcgplayer.com/product/656260_200w.jpg,3,24451,https://cpt.tcgcsv.com/dwg7,2025-09-28T17:40:38.397,1,010,Promo,Fighting,80,Basic,,"[F] Accelerating Stab (30)
<br>During your next turn, this Pokemon can't use Accelerating Stab.",Px2,2,5.0,6.99,67.0,5.51,,Holofoil,,
656261,Alakazam - 009 (Pokemon Center Exclusive),Alakazam 009 Pokemon Center Exclusive,https://tcgplayer-cdn.tcgplayer.com/product/656261_200w.jpg,3,24451,https://cpt.tcgcsv.com/fwg7,2025-09-28T17:42:57.677,0,009,Promo,Psychic,140,Stage 2,"<strong>Ability — Psychic Draw</strong>
<br>Once during your turn, when you play this Pokemon from your hand to evolve 1 of your Pokemon, you may use this Ability. Draw 3 cards.","[P] Powerful Hand
<br>Place 2 damage counters on your opponent's Active Pokemon for each card in your hand.",Dx2,1,46.97,66.76,219.99,53.46,,Holofoil,,F-30
656262,Riolu - 010 (Pokemon Center Exclusive),Riolu 010 Pokemon Center Exclusive,https://tcgplayer-cdn.tcgplayer.com/product/656262_200w.jpg,3,24451,https://cpt.tcgcsv.com/gwg7,2025-09-28T17:43:32.113,0,010,Promo,Fighting,80,Basic,,"[F] Accelerating Stab (30)
<br>During your next turn, this Pokemon can't use Accelerating Stab.",Px2,2,44.99,58.79,150.0,54.04,,Holofoil,,
656385,Alakazam - 003 (Staff),Alakazam 003 Staff,https://tcgplayer-cdn.tcgplayer.com/product/656385_200w.jpg,3,24451,https://cpt.tcgcsv.com/Kzg7,2025-09-29T20:06:49.563,1,003,Promo,Psychic,140,Stage 2,"<strong>Ability: Psychic Draw</strong> Once during your turn, when you play this Pokmon from your hand to evolve 1 of your Pokmon, you may use this Ability. Draw 3 cards.",[P] Powerful Hand<br> Place 2 damage counters on your opponent's Active Pokemon for each card in your hand.,Dx2,1,274.0,279.99,300.0,156.09,,Holofoil,,F-30
656800,Meganium - 001 [Staff],Meganium 001 Staff,https://tcgplayer-cdn.tcgplayer.com/product/656800_200w.jpg,3,24451,https://cpt.tcgcsv.com/0Lg7,2025-10-02T18:38:37.7,0,001,Promo,Grass,160,Stage 2,<strong>Ability: Wild Growth</strong> Each Basic Grass Energy attached to all of your Pokmon provides GrassGrass Energy. The effect of Wild Growth doesn't stack.,[GGCC] Solar Beam (140),Rx2,2,65.0,79.99,200.98,68.12,,Holofoil,,
656802,Inteleon - 002 [Staff],Inteleon 002 Staff,https://tcgplayer-cdn.tcgplayer.com/product/656802_200w.jpg,3,24451,https://cpt.tcgcsv.com/3Lg7,2025-10-02T18:39:20.087,0,002,Promo,Water,150,Stage 2,,"[W] Bring Down<br> Choose a Pokemon in play <em>(yours or your opponent's)</em> that has the least HP remaining, except for this Pokemon, and it is Knocked Out.",Lx2,1,30.68,45.0,99.99,29.19,,Holofoil,[W] Water Shot (110)<br> Discard an Energy from this Pokemon.,
656825,Lunatone - 004 [Staff],Lunatone 004 Staff,https://tcgplayer-cdn.tcgplayer.com/product/656825_200w.jpg,3,24451,https://cpt.tcgcsv.com/wLg7,2025-10-02T19:06:39.86,0,004,Promo,Fighting,110,Basic,"<strong>Ability: Lunar Cycle</strong> Once during your turn, if you have Solrock in play, you may discard a Basic Fighting Energy card from your hand in order to use this Ability. Draw 3 cards. You can't use more than 1 Lunar Cycle Ability each turn.",[FF] Power Gem (50),Gx2,1,67.0,69.98,70.0,46.64,,Holofoil,,
657846,Mega Latias ex - 011,Mega Latias ex 011,https://tcgplayer-cdn.tcgplayer.com/product/657846_200w.jpg,3,24451,https://cpt.tcgcsv.com/X8h7,2025-12-19T13:10:23.193,1,011,Promo,Dragon,280,Basic,,[C] Strafe (40)<br> You may switch this Pokemon with 1 of your Benched Pokemon.,,1,0.09,0.88,4.99,0.64,,Holofoil,[RPC] Illusory Impulse (300)<br> Discard all Energy from this Pokemon.,
659231,Meloetta - 026,Meloetta 026,https://tcgplayer-cdn.tcgplayer.com/product/659231_200w.jpg,3,24451,https://cpt.tcgcsv.com/FJh7,2025-11-21T14:23:47.59,1,026,Illustration Rare,Psychic,90,Basic,,[P] Soothing Melody <br>Heal 120 damage from 1 of your Benched Psychic Pokémon.,Dx2,1,6.9,8.76,39.99,7.86,,Holofoil,[P][C] Magical Shot (50),F-30
659232,Haunter  - 027,Haunter 027,https://tcgplayer-cdn.tcgplayer.com/product/659232_200w.jpg,3,24451,https://cpt.tcgcsv.com/GJh7,2025-11-21T14:19:03.827,1,027,Illustration Rare,Darkness,100,Stage 1,,[D] Spooky Shot (40),Fx2,1,19.0,25.0,75.0,22.63,,Holofoil,,
659612,Mega Charizard X ex - 023,Mega Charizard X ex 023,https://tcgplayer-cdn.tcgplayer.com/product/659612_200w.jpg,3,24451,https://cpt.tcgcsv.com/gSh7,2025-12-24T14:08:11.257,1,023,Promo,Fire,360,Stage 2,,"[R][R] Inferno X (90x) <BR>Discard any amount of Fire Energy from among your Pokémon, and this attack does 90 damage for each card you discarded in this way.",Wx2,2,31.0,43.6,149.0,37.01,,Holofoil,,
663177,Mega Lucario ex - 012,Mega Lucario ex 012,https://tcgplayer-cdn.tcgplayer.com/product/663177_200w.jpg,3,24451,https://cpt.tcgcsv.com/zhk7,2025-12-16T05:12:11.327,1,012,Promo,Fighting,340,Stage 1,,[F] Aura Jab (130)<br> Attach up to 3 Basic Fighting Energy cards from your discard pile to your Benched Pokemon in any way you like.,Px2,2,0.76,1.45,14.99,1.11,,Holofoil,"[FF] Mega Brave (270)<br> During your next turn, this Pokemon can't use Mega Brave.",
663187,Ceruledge (Prerelease),Ceruledge Prerelease,https://tcgplayer-cdn.tcgplayer.com/product/663187_200w.jpg,3,24451,https://cpt.tcgcsv.com/Mhk7,2025-11-11T16:42:42.227,1,014,Promo,Fire,140,Stage 1,,"[R] Infernal Slash (220)<br> Discard 4 Basic Fire Energy cards from your hand. If you can't discard 4 cards in this way, this attack does nothing.",Wx2,2,56.0,59.97,96.88,25.44,,Holofoil,,
663188,Ceruledge (Prerelease) [Staff],Ceruledge Prerelease Staff,https://tcgplayer-cdn.tcgplayer.com/product/663188_200w.jpg,3,24451,https://cpt.tcgcsv.com/Nhk7,2025-11-11T16:43:32.79,0,014,Promo,Fire,140,Stage 1,,"[R] Infernal Slash (220)<br> Discard 4 Basic Fire Energy cards from your hand. If you can't discard 4 cards in this way, this attack does nothing.",Wx2,2,49.99,95.65,100.0,36.74,,Holofoil,,
663189,Zacian (Prerelease),Zacian Prerelease,https://tcgplayer-cdn.tcgplayer.com/product/663189_200w.jpg,3,24451,https://cpt.tcgcsv.com/Phk7,2025-11-11T16:47:56.213,1,015,Promo,Psychic,130,Basic,,"[PC] Limit Break (50+)<br> If your opponent has 3 or fewer Prize cards remaining, this attack does 90 more damage.",Mx2,2,6.53,9.62,29.99,7.73,,Holofoil,,
663190,Zacian (Prerelease) [Staff],Zacian Prerelease Staff,https://tcgplayer-cdn.tcgplayer.com/product/663190_200w.jpg,3,24451,https://cpt.tcgcsv.com/Qhk7,2025-11-11T16:48:45.223,0,015,Promo,Psychic,130,Basic,,"[PC] Limit Break (50+)<br> If your opponent has 3 or fewer Prize cards remaining, this attack does 90 more damage.",Mx2,2,18.5,25.35,100.0,18.94,,Holofoil,,
663191,Flygon (Prerelease),Flygon Prerelease,https://tcgplayer-cdn.tcgplayer.com/product/663191_200w.jpg,3,24451,https://cpt.tcgcsv.com/Rhk7,2025-11-11T16:51:17.48,1,016,Promo,Fighting,150,Stage 2,"<strong>Ability: Sandy Flapping</strong> Once during your turn, when you play this Pokemon from your hand to evolve 1 of your Pokemon, you may use this Ability. You may also use this Ability if this Pokemon is in the Active Spot and is Knocked Out by damage from an attack from your opponent's Pokemon. Discard the top 2 cards of your opponent's deck.",[FF] Cutting Wind (130),Gx2,1,7.15,12.1,29.99,9.55,,Holofoil,,
663192,Flygon (Prerelease) [Staff],Flygon Prerelease Staff,https://tcgplayer-cdn.tcgplayer.com/product/663192_200w.jpg,3,24451,https://cpt.tcgcsv.com/Shk7,2025-11-11T16:52:26.52,0,016,Promo,Fighting,150,Stage 2,"<strong>Ability: Sandy Flapping</strong> Once during your turn, when you play this Pokemon from your hand to evolve 1 of your Pokemon, you may use this Ability. You may also use this Ability if this Pokemon is in the Active Spot and is Knocked Out by damage from an attack from your opponent's Pokemon. Discard the top 2 cards of your opponent's deck.",[FF] Cutting Wind (130),Gx2,1,34.78,40.5,100.0,34.7,,Holofoil,,
663193,Toxtricity (Prerelease),Toxtricity Prerelease,https://tcgplayer-cdn.tcgplayer.com/product/663193_200w.jpg,3,24451,https://cpt.tcgcsv.com/Thk7,2025-11-11T16:55:01.347,1,017,Promo,Darkness,140,Stage 1,"<strong>Ability: Sinister Surge</strong> Once during your turn, you may use this Ability. Search your deck for a Basic Darkness Energy card and attach it to 1 of your Benched Darkness Pokemon. Then, shuffle your deck. If you attached Energy to a Pokemon in this way, place 2 damage counters on that Pokemon.",[DDC] Gentle Slap (100),Fx2,2,9.25,11.75,29.99,10.36,,Holofoil,,
663194,Toxtricity (Prerelease) [Staff],Toxtricity Prerelease Staff,https://tcgplayer-cdn.tcgplayer.com/product/663194_200w.jpg,3,24451,https://cpt.tcgcsv.com/Vhk7,2025-11-11T16:56:06.44,0,017,Promo,Darkness,140,Stage 1,"<strong>Ability: Sinister Surge</strong> Once during your turn, you may use this Ability. Search your deck for a Basic Darkness Energy card and attach it to 1 of your Benched Darkness Pokemon. Then, shuffle your deck. If you attached Energy to a Pokemon in this way, place 2 damage counters on that Pokemon.",[DDC] Gentle Slap (100),Fx2,2,36.46,45.99,100.0,39.65,,Holofoil,,
664010,Oricorio ex - 024,Oricorio ex 024,https://tcgplayer-cdn.tcgplayer.com/product/664010_200w.jpg,3,24451,https://cpt.tcgcsv.com/dDk7,2025-12-24T14:06:58.873,1,024,Promo,Fire,190,Basic,"<strong>Ability: Excited Turbo</strong> As often as you like during your turn, if you have any Fire Mega Evolution Pokemon ex in play, you may use this Ability. Attach a Basic Fire Energy card from your hand to 1 of your Benched Fire Pokemon.",[RRC] Fire Wing (110),Wx2,1,10.99,17.43,99.0,13.82,,Holofoil,,
664051,Cottonee (Cosmos Holo),Cottonee Cosmos Holo,https://tcgplayer-cdn.tcgplayer.com/product/664051_200w.jpg,3,24451,https://cpt.tcgcsv.com/2Fk7,2025-11-17T20:31:30.57,1,018,Promo,Psychic,60,Basic,,"[1] Collect<br>
Draw a card.",Mx2,1,0.1,0.29,5.0,0.19,,Holofoil,,
664054,Whimsicott (Cosmos Holo),Whimsicott Cosmos Holo,https://tcgplayer-cdn.tcgplayer.com/product/664054_200w.jpg,3,24451,https://cpt.tcgcsv.com/6Fk7,2025-11-20T12:18:05.433,1,019,Promo,Psychic,90,Stage 1,,"[1] Healing Fluff <br>
Heal all damage from one of your Benched Pokémon.",Mx2,1,0.05,0.31,3.99,0.17,,Holofoil,"[P] U-turn (50) <br>
Switch this Pokémon with 1 of your Benched Pokémon.",
664055,Sneasel (Cosmos Holo),Sneasel Cosmos Holo,https://tcgplayer-cdn.tcgplayer.com/product/664055_200w.jpg,3,24451,https://cpt.tcgcsv.com/7Fk7,2025-11-18T13:07:33.4,1,020,Promo,Darkness,70,Basic,,[D] Dig Claws (10),Gx2,1,0.09,0.34,1.99,0.24,,Holofoil,[DD] Scratch (30,
664063,Weavile (Cosmos Holo),Weavile Cosmos Holo,https://tcgplayer-cdn.tcgplayer.com/product/664063_200w.jpg,3,24451,https://cpt.tcgcsv.com/hFk7,2025-11-18T14:16:23.63,1,021,Holo Rare,Darkness,90,Stage 1,,"[DD] Retaliatory Claw (20+) <br>
If this Pokémon's remaining HP is 50 or less, this attack does 170 more damage.",Gx2,1,0.1,0.32,2.02,0.25,,Holofoil,[DD] Cut (60),
665053,Charcadet - 022 (Pokemon Center Exclusive),Charcadet 022 Pokemon Center Exclusive,https://tcgplayer-cdn.tcgplayer.com/product/665053_200w.jpg,3,24451,https://cpt.tcgcsv.com/52l7,2025-12-03T17:26:00.14,1,022,Promo,Fire,70,Basic,,"[R] Gather Strength<br> Search your deck for up to 2 Basic Energy cards, reveal them, and put them into your hand. Then, shuffle your deck.",Wx2,2,33.0,39.84,99.99,34.35,,Holofoil,[R] Chop (10),
666538,Charcadet - 022,Charcadet 022,https://tcgplayer-cdn.tcgplayer.com/product/666538_200w.jpg,3,24451,https://cpt.tcgcsv.com/NDl7,2026-01-02T13:03:22.95,1,022,Promo,Fire,70,Basic,,"[R] Gather Strength<br> Search your deck for up to 2 Basic Energy cards, reveal them, and put them into your hand. Then, shuffle your deck.",Wx2,2,1.48,2.05,15.0,1.69,,Holofoil,[R] Chop (10),
666905,Mega Venusaur ex - 013,Mega Venusaur ex 013,https://tcgplayer-cdn.tcgplayer.com/product/666905_200w.jpg,3,24451,https://cpt.tcgcsv.com/7Nl7,2025-12-09T20:45:44.363,1,013,Promo,Grass,380,Stage 2,"<strong>Ability: Solar Transfer</strong> As often as you like during your turn, you may use this Ability. Move a Basic Grass Energy from 1 of your Pokmon to another of your Pokmon.",[GGGG] Jungle Dump (240)<br> Heal 30 damage from this Pokemon.,Rx2,4,0.5,1.15,9.99,1.01,,Holofoil,,
668509,Mega Kangaskhan ex - 025,Mega Kangaskhan ex 025,https://tcgplayer-cdn.tcgplayer.com/product/668509_200w.jpg,3,24451,https://cpt.tcgcsv.com/cqm7,2025-12-10T17:25:43.103,1,025,Promo,Colorless,300,Basic,"<strong>Ability: Run Errand</strong> Once during your turn, if this Pokmon is in the Active Spot, you may use this Ability. Draw 2 cards. You can't use more than 1 Run Errand Ability each turn.",[CCC] Rapid-Fire Combo (200+)<br> Flip a coin until you get tails. This attack does 50 more damage for each heads.,Fx2,3,0.01,0.85,9.99,0.54,,Holofoil,,
